INSERT INTO role (name) VALUES ('ROLE_ADMIN');
INSERT INTO role (name) VALUES ('ROLE_USER');

INSERT INTO branch (name, location) VALUES ('Matriz', 'Campus Principal');
INSERT INTO branch (name, location) VALUES ('Filial', 'Campus Secundario');

INSERT INTO app_user (username, password, full_name, enabled) VALUES ('admin', '$2a$10$r.onnlwQHsdFcNZSOu7ZYOvkc5i9o8MVlpiaU9U6MxCWyon0eXXzK', 'Administrator', TRUE);
INSERT INTO app_user (username, password, full_name, enabled) VALUES ('student1', '$2a$10$r.onnlwQHsdFcNZSOu7ZYOvkc5i9o8MVlpiaU9U6MxCWyon0eXXzK', 'Student One', TRUE);
INSERT INTO app_user (username, password, full_name, enabled) VALUES ('student2','$2a$10$r.onnlwQHsdFcNZSOu7ZYOvkc5i9o8MVlpiaU9U6MxCWyon0eXXzK','Lucas Almeida Santos',TRUE);
INSERT INTO app_user (username, password, full_name, enabled) VALUES ('student3','$2a$10$r.onnlwQHsdFcNZSOu7ZYOvkc5i9o8MVlpiaU9U6MxCWyon0eXXzK','Gabriel Oliveira Costa',TRUE);
INSERT INTO app_user (username, password, full_name, enabled) VALUES ('student4','$2a$10$r.onnlwQHsdFcNZSOu7ZYOvkc5i9o8MVlpiaU9U6MxCWyon0eXXzK','Matheus Pereira Lima',TRUE);
INSERT INTO app_user (username, password, full_name, enabled) VALUES ('student5','$2a$10$r.onnlwQHsdFcNZSOu7ZYOvkc5i9o8MVlpiaU9U6MxCWyon0eXXzK','João Henrique Souza',TRUE);
INSERT INTO app_user (username, password, full_name, enabled) VALUES ('student6','$2a$10$r.onnlwQHsdFcNZSOu7ZYOvkc5i9o8MVlpiaU9U6MxCWyon0eXXzK','Pedro Augusto Martins',TRUE);
INSERT INTO app_user (username, password, full_name, enabled) VALUES ('student7','$2a$10$r.onnlwQHsdFcNZSOu7ZYOvkc5i9o8MVlpiaU9U6MxCWyon0eXXzK','Rafael Gomes Ferreira',TRUE);
INSERT INTO app_user (username, password, full_name, enabled) VALUES ('student8','$2a$10$r.onnlwQHsdFcNZSOu7ZYOvkc5i9o8MVlpiaU9U6MxCWyon0eXXzK','Bruno Carvalho Rocha',TRUE);
INSERT INTO app_user (username, password, full_name, enabled) VALUES ('student9','$2a$10$r.onnlwQHsdFcNZSOu7ZYOvkc5i9o8MVlpiaU9U6MxCWyon0eXXzK','Felipe Rodrigues Alves',TRUE);
INSERT INTO app_user (username, password, full_name, enabled) VALUES ('student10','$2a$10$r.onnlwQHsdFcNZSOu7ZYOvkc5i9o8MVlpiaU9U6MxCWyon0eXXzK','Daniel Barbosa Melo',TRUE);
INSERT INTO app_user (username, password, full_name, enabled) VALUES ('student11','$2a$10$r.onnlwQHsdFcNZSOu7ZYOvkc5i9o8MVlpiaU9U6MxCWyon0eXXzK','Vinicius Ribeiro Castro',TRUE);
INSERT INTO app_user (username, password, full_name, enabled) VALUES ('student12','$2a$10$r.onnlwQHsdFcNZSOu7ZYOvkc5i9o8MVlpiaU9U6MxCWyon0eXXzK','Leonardo Fernandes Dias',TRUE);
INSERT INTO app_user (username, password, full_name, enabled) VALUES ('student13','$2a$10$r.onnlwQHsdFcNZSOu7ZYOvkc5i9o8MVlpiaU9U6MxCWyon0eXXzK','Thiago Nascimento Ramos',TRUE);
INSERT INTO app_user (username, password, full_name, enabled) VALUES ('student14','$2a$10$r.onnlwQHsdFcNZSOu7ZYOvkc5i9o8MVlpiaU9U6MxCWyon0eXXzK','Eduardo Teixeira Moraes',TRUE);
INSERT INTO app_user (username, password, full_name, enabled) VALUES ('student15','$2a$10$r.onnlwQHsdFcNZSOu7ZYOvkc5i9o8MVlpiaU9U6MxCWyon0eXXzK','Caio Monteiro Lopes',TRUE);
INSERT INTO app_user (username, password, full_name, enabled) VALUES ('student16','$2a$10$r.onnlwQHsdFcNZSOu7ZYOvkc5i9o8MVlpiaU9U6MxCWyon0eXXzK','Gustavo Cardoso Vieira',TRUE);
INSERT INTO app_user (username, password, full_name, enabled) VALUES ('student17','$2a$10$r.onnlwQHsdFcNZSOu7ZYOvkc5i9o8MVlpiaU9U6MxCWyon0eXXzK','André Moreira Batista',TRUE);
INSERT INTO app_user (username, password, full_name, enabled) VALUES ('student18','$2a$10$r.onnlwQHsdFcNZSOu7ZYOvkc5i9o8MVlpiaU9U6MxCWyon0eXXzK','Ricardo Correia Duarte',TRUE);
INSERT INTO app_user (username, password, full_name, enabled) VALUES ('student19','$2a$10$r.onnlwQHsdFcNZSOu7ZYOvkc5i9o8MVlpiaU9U6MxCWyon0eXXzK','Marcelo Farias Pinto',TRUE);
INSERT INTO app_user (username, password, full_name, enabled) VALUES ('student20','$2a$10$r.onnlwQHsdFcNZSOu7ZYOvkc5i9o8MVlpiaU9U6MxCWyon0eXXzK','Renato Cunha Freitas',TRUE);
INSERT INTO app_user (username, password, full_name, enabled) VALUES ('student21','$2a$10$r.onnlwQHsdFcNZSOu7ZYOvkc5i9o8MVlpiaU9U6MxCWyon0eXXzK','Diego Araujo Mendes',TRUE);
INSERT INTO app_user (username, password, full_name, enabled) VALUES ('student22','$2a$10$r.onnlwQHsdFcNZSOu7ZYOvkc5i9o8MVlpiaU9U6MxCWyon0eXXzK','Samuel Pires Campos',TRUE);
INSERT INTO app_user (username, password, full_name, enabled) VALUES ('student23','$2a$10$r.onnlwQHsdFcNZSOu7ZYOvkc5i9o8MVlpiaU9U6MxCWyon0eXXzK','Nathan Rezende Barros',TRUE);
INSERT INTO app_user (username, password, full_name, enabled) VALUES ('student24','$2a$10$r.onnlwQHsdFcNZSOu7ZYOvkc5i9o8MVlpiaU9U6MxCWyon0eXXzK','Henrique Tavares Neves',TRUE);
INSERT INTO app_user (username, password, full_name, enabled) VALUES ('student25','$2a$10$r.onnlwQHsdFcNZSOu7ZYOvkc5i9o8MVlpiaU9U6MxCWyon0eXXzK','Alex Silva Andrade',TRUE);
INSERT INTO app_user (username, password, full_name, enabled) VALUES ('student26','$2a$10$r.onnlwQHsdFcNZSOu7ZYOvkc5i9o8MVlpiaU9U6MxCWyon0eXXzK','Igor Xavier Pinto',TRUE);
INSERT INTO app_user (username, password, full_name, enabled) VALUES ('student27','$2a$10$r.onnlwQHsdFcNZSOu7ZYOvkc5i9o8MVlpiaU9U6MxCWyon0eXXzK','Fernando Peixoto Moura',TRUE);
INSERT INTO app_user (username, password, full_name, enabled) VALUES ('student28','$2a$10$r.onnlwQHsdFcNZSOu7ZYOvkc5i9o8MVlpiaU9U6MxCWyon0eXXzK','Leandro Machado Bueno',TRUE);
INSERT INTO app_user (username, password, full_name, enabled) VALUES ('student29','$2a$10$r.onnlwQHsdFcNZSOu7ZYOvkc5i9o8MVlpiaU9U6MxCWyon0eXXzK','Juliano Vieira Prado',TRUE);
INSERT INTO app_user (username, password, full_name, enabled) VALUES ('student30','$2a$10$r.onnlwQHsdFcNZSOu7ZYOvkc5i9o8MVlpiaU9U6MxCWyon0eXXzK','Otavio Lopes Gomes',TRUE);
INSERT INTO app_user (username, password, full_name, enabled) VALUES ('student31','$2a$10$r.onnlwQHsdFcNZSOu7ZYOvkc5i9o8MVlpiaU9U6MxCWyon0eXXzK','Murilo Campos Reis',TRUE);
INSERT INTO app_user (username, password, full_name, enabled) VALUES ('student32','$2a$10$r.onnlwQHsdFcNZSOu7ZYOvkc5i9o8MVlpiaU9U6MxCWyon0eXXzK','Victor Amaral Dias',TRUE);
INSERT INTO app_user (username, password, full_name, enabled) VALUES ('student33','$2a$10$r.onnlwQHsdFcNZSOu7ZYOvkc5i9o8MVlpiaU9U6MxCWyon0eXXzK','Arthur Cavalcante Rosa',TRUE);
INSERT INTO app_user (username, password, full_name, enabled) VALUES ('student34','$2a$10$r.onnlwQHsdFcNZSOu7ZYOvkc5i9o8MVlpiaU9U6MxCWyon0eXXzK','Yuri Almeida Pacheco',TRUE);
INSERT INTO app_user (username, password, full_name, enabled) VALUES ('student35','$2a$10$r.onnlwQHsdFcNZSOu7ZYOvkc5i9o8MVlpiaU9U6MxCWyon0eXXzK','Vitor Queiroz Borges',TRUE);
INSERT INTO app_user (username, password, full_name, enabled) VALUES ('student36','$2a$10$r.onnlwQHsdFcNZSOu7ZYOvkc5i9o8MVlpiaU9U6MxCWyon0eXXzK','Carlos Antunes Ribeiro',TRUE);
INSERT INTO app_user (username, password, full_name, enabled) VALUES ('student37','$2a$10$r.onnlwQHsdFcNZSOu7ZYOvkc5i9o8MVlpiaU9U6MxCWyon0eXXzK','Marcos Pinheiro Costa',TRUE);
INSERT INTO app_user (username, password, full_name, enabled) VALUES ('student38','$2a$10$r.onnlwQHsdFcNZSOu7ZYOvkc5i9o8MVlpiaU9U6MxCWyon0eXXzK','Antonio Ribeiro Cunha',TRUE);
INSERT INTO app_user (username, password, full_name, enabled) VALUES ('student39','$2a$10$r.onnlwQHsdFcNZSOu7ZYOvkc5i9o8MVlpiaU9U6MxCWyon0eXXzK','José Henrique Lima',TRUE);
INSERT INTO app_user (username, password, full_name, enabled) VALUES ('student40','$2a$10$r.onnlwQHsdFcNZSOu7ZYOvkc5i9o8MVlpiaU9U6MxCWyon0eXXzK','Cristiano Duarte Silva',TRUE);
INSERT INTO app_user (username, password, full_name, enabled) VALUES ('student41','$2a$10$r.onnlwQHsdFcNZSOu7ZYOvkc5i9o8MVlpiaU9U6MxCWyon0eXXzK','Alan Freitas Rocha',TRUE);
INSERT INTO app_user (username, password, full_name, enabled) VALUES ('student42','$2a$10$r.onnlwQHsdFcNZSOu7ZYOvkc5i9o8MVlpiaU9U6MxCWyon0eXXzK','Paulo Henrique Melo',TRUE);
INSERT INTO app_user (username, password, full_name, enabled) VALUES ('student43','$2a$10$r.onnlwQHsdFcNZSOu7ZYOvkc5i9o8MVlpiaU9U6MxCWyon0eXXzK','Roberto Figueiredo Alves',TRUE);
INSERT INTO app_user (username, password, full_name, enabled) VALUES ('student44','$2a$10$r.onnlwQHsdFcNZSOu7ZYOvkc5i9o8MVlpiaU9U6MxCWyon0eXXzK','Cesar Domingues Prado',TRUE);
INSERT INTO app_user (username, password, full_name, enabled) VALUES ('student45','$2a$10$r.onnlwQHsdFcNZSOu7ZYOvkc5i9o8MVlpiaU9U6MxCWyon0eXXzK','Fábio Moretti Souza',TRUE);
INSERT INTO app_user (username, password, full_name, enabled) VALUES ('student46','$2a$10$r.onnlwQHsdFcNZSOu7ZYOvkc5i9o8MVlpiaU9U6MxCWyon0eXXzK','Wesley Santana Campos',TRUE);
INSERT INTO app_user (username, password, full_name, enabled) VALUES ('student47','$2a$10$r.onnlwQHsdFcNZSOu7ZYOvkc5i9o8MVlpiaU9U6MxCWyon0eXXzK','Douglas Ribeiro Ferreira',TRUE);
INSERT INTO app_user (username, password, full_name, enabled) VALUES ('student48','$2a$10$r.onnlwQHsdFcNZSOu7ZYOvkc5i9o8MVlpiaU9U6MxCWyon0eXXzK','Jonathan Alves Gomes',TRUE);
INSERT INTO app_user (username, password, full_name, enabled) VALUES ('student49','$2a$10$r.onnlwQHsdFcNZSOu7ZYOvkc5i9o8MVlpiaU9U6MxCWyon0eXXzK','Rogério Costa Mendes',TRUE);
INSERT INTO app_user (username, password, full_name, enabled) VALUES ('student50','$2a$10$r.onnlwQHsdFcNZSOu7ZYOvkc5i9o8MVlpiaU9U6MxCWyon0eXXzK','Mauricio Fernandes Lopes',TRUE);
INSERT INTO app_user (username, password, full_name, enabled) VALUES ('student51','$2a$10$r.onnlwQHsdFcNZSOu7ZYOvkc5i9o8MVlpiaU9U6MxCWyon0eXXzK','Thiago Barbosa Martins',TRUE);

INSERT INTO user_role (user_id, role_id) VALUES (1, 1);
INSERT INTO user_role (user_id, role_id) VALUES (2, 2);
INSERT INTO user_role (user_id, role_id) VALUES (3, 2);
INSERT INTO user_role (user_id, role_id) VALUES (4, 2);
INSERT INTO user_role (user_id, role_id) VALUES (5, 2);
INSERT INTO user_role (user_id, role_id) VALUES (6, 2);
INSERT INTO user_role (user_id, role_id) VALUES (7, 2);
INSERT INTO user_role (user_id, role_id) VALUES (8, 2);
INSERT INTO user_role (user_id, role_id) VALUES (9, 2);
INSERT INTO user_role (user_id, role_id) VALUES (10, 2);
INSERT INTO user_role (user_id, role_id) VALUES (11, 2);
INSERT INTO user_role (user_id, role_id) VALUES (12, 2);
INSERT INTO user_role (user_id, role_id) VALUES (13, 2);
INSERT INTO user_role (user_id, role_id) VALUES (14, 2);
INSERT INTO user_role (user_id, role_id) VALUES (15, 2);
INSERT INTO user_role (user_id, role_id) VALUES (16, 2);
INSERT INTO user_role (user_id, role_id) VALUES (17, 2);
INSERT INTO user_role (user_id, role_id) VALUES (18, 2);
INSERT INTO user_role (user_id, role_id) VALUES (19, 2);
INSERT INTO user_role (user_id, role_id) VALUES (20, 2);
INSERT INTO user_role (user_id, role_id) VALUES (21, 2);
INSERT INTO user_role (user_id, role_id) VALUES (22, 2);
INSERT INTO user_role (user_id, role_id) VALUES (23, 2);
INSERT INTO user_role (user_id, role_id) VALUES (24, 2);
INSERT INTO user_role (user_id, role_id) VALUES (25, 2);
INSERT INTO user_role (user_id, role_id) VALUES (26, 2);
INSERT INTO user_role (user_id, role_id) VALUES (27, 2);
INSERT INTO user_role (user_id, role_id) VALUES (28, 2);
INSERT INTO user_role (user_id, role_id) VALUES (29, 2);
INSERT INTO user_role (user_id, role_id) VALUES (30, 2);
INSERT INTO user_role (user_id, role_id) VALUES (31, 2);
INSERT INTO user_role (user_id, role_id) VALUES (32, 2);
INSERT INTO user_role (user_id, role_id) VALUES (33, 2);
INSERT INTO user_role (user_id, role_id) VALUES (34, 2);
INSERT INTO user_role (user_id, role_id) VALUES (35, 2);
INSERT INTO user_role (user_id, role_id) VALUES (36, 2);
INSERT INTO user_role (user_id, role_id) VALUES (37, 2);
INSERT INTO user_role (user_id, role_id) VALUES (38, 2);
INSERT INTO user_role (user_id, role_id) VALUES (39, 2);
INSERT INTO user_role (user_id, role_id) VALUES (40, 2);
INSERT INTO user_role (user_id, role_id) VALUES (41, 2);
INSERT INTO user_role (user_id, role_id) VALUES (42, 2);
INSERT INTO user_role (user_id, role_id) VALUES (43, 2);
INSERT INTO user_role (user_id, role_id) VALUES (44, 2);
INSERT INTO user_role (user_id, role_id) VALUES (45, 2);
INSERT INTO user_role (user_id, role_id) VALUES (46, 2);
INSERT INTO user_role (user_id, role_id) VALUES (47, 2);
INSERT INTO user_role (user_id, role_id) VALUES (48, 2);
INSERT INTO user_role (user_id, role_id) VALUES (49, 2);
INSERT INTO user_role (user_id, role_id) VALUES (50, 2);
INSERT INTO user_role (user_id, role_id) VALUES (51, 2);
INSERT INTO user_role (user_id, role_id) VALUES (52, 2);

INSERT INTO author (name, biography) VALUES
('George Orwell', 'English novelist and essayist.'),
('Jane Austen', 'English novelist known for her six major novels.'),
('Machado de Assis', 'Escritor brasileiro.'),
('Clarice Lispector', 'Escritora brasileira.'),
('J. R. R. Tolkien', 'Autor britânico.'),
('J. K. Rowling', 'Autora britânica.'),
('Stephen King', 'Autor americano.'),
('Isaac Asimov', 'Autor de ficção científica.'),
('Agatha Christie', 'Autora de romances policiais.'),
('Ernest Hemingway', 'Escritor americano.'),
('Victor Hugo', 'Escritor francês.'),
('Paulo Coelho', 'Escritor brasileiro.'),
('Fyodor Dostoevsky', 'Escritor russo, mestre da literatura psicológica.'),
('Franz Kafka', 'Escritor tcheco de língua alemã.'),
('José Saramago', 'Escritor português, vencedor do Nobel de Literatura.'),
('Gabriel García Márquez', 'Escritor colombiano, Nobel de Literatura.'),
('Arthur Conan Doyle', 'Criador de Sherlock Holmes.'),
('Jules Verne', 'Pioneiro da ficção científica.'),
('Edgar Allan Poe', 'Escritor e poeta americano.'),
('C. S. Lewis', 'Autor britânico de fantasia.'),
('H. G. Wells', 'Autor britânico de ficção científica.'),
('Bram Stoker', 'Autor irlandês de romances de terror.'),
('Monteiro Lobato', 'Escritor brasileiro de literatura infantil.'),
('Graciliano Ramos', 'Escritor brasileiro modernista.'),
('Jorge Amado', 'Escritor brasileiro.'),
('Érico Veríssimo', 'Romancista brasileiro.'),
('Neil Gaiman', 'Autor britânico de fantasia.'),
('Dan Brown', 'Autor americano de romances de suspense.'),
('Suzanne Collins', 'Autora americana.'),
('Rick Riordan', 'Autor americano de fantasia.');

INSERT INTO book (title, isbn, summary, price, available, author_id) VALUES ('1984', '9780451524935', 'Romance distópico sobre vigilância, controle social e manipulação da verdade.', 39.90, TRUE, 1);
INSERT INTO book (title, isbn, summary, price, available, author_id) VALUES ('Pride and Prejudice', '9780141439518', 'Clássico da literatura inglesa sobre amor, classe social e relacionamentos.', 35.00, TRUE, 2);
INSERT INTO book (title, isbn, summary, price, available, author_id) VALUES ('Dom Casmurro','9788503012300','Romance clássico brasileiro marcado por temas de ciúme e memórias.',25.00,TRUE,3);
INSERT INTO book (title, isbn, summary, price, available, author_id) VALUES ('Memórias Póstumas de Brás Cubas','9788503011105','Obra-prima do realismo brasileiro narrada por um defunto autor.',30.00,TRUE,3);
INSERT INTO book (title, isbn, summary, price, available, author_id) VALUES ('A Hora da Estrela','9788532505672','Romance que retrata a vida simples e comovente de Macabéa.',28.90,TRUE,4);
INSERT INTO book (title, isbn, summary, price, available, author_id) VALUES ('Perto do Coração Selvagem','9788532508901','Romance de estreia de Clarice Lispector com narrativa introspectiva.',29.90,TRUE,4);
INSERT INTO book (title, isbn, summary, price, available, author_id) VALUES ('O Hobbit','9788595084742','Aventura fantástica na Terra-média acompanhando Bilbo Bolseiro.',45.00,TRUE,5);
INSERT INTO book (title, isbn, summary, price, available, author_id) VALUES ('O Senhor dos Anéis','9788595086357','Épica jornada de fantasia contra as forças do mal na Terra-média.',89.90,TRUE,5);
INSERT INTO book (title, isbn, summary, price, available, author_id) VALUES ('Harry Potter e a Pedra Filosofal','9788532511017','Primeira aventura do jovem bruxo Harry Potter em Hogwarts.',39.90,TRUE,6);
INSERT INTO book (title, isbn, summary, price, available, author_id) VALUES ('Harry Potter e a Câmara Secreta','9788532511024','Harry retorna a Hogwarts para desvendar mistérios assustadores.',39.90,TRUE,6);
INSERT INTO book (title, isbn, summary, price, available, author_id) VALUES ('O Iluminado','9788556510366','Clássico do terror psicológico ambientado em um hotel isolado.',42.00,TRUE,7);
INSERT INTO book (title, isbn, summary, price, available, author_id) VALUES ('It','9788556510373','Terror envolvendo uma entidade maligna que assume a forma de palhaço.',58.00,TRUE,7);
INSERT INTO book (title, isbn, summary, price, available, author_id) VALUES ('Fundação','9788576572008','Clássico da ficção científica sobre a queda de um império galáctico.',35.00,TRUE,8);
INSERT INTO book (title, isbn, summary, price, available, author_id) VALUES ('Eu, Robô','9788576572015','Coletânea de histórias que apresenta as famosas Leis da Robótica.',32.00,TRUE,8);
INSERT INTO book (title, isbn, summary, price, available, author_id) VALUES ('Assassinato no Expresso do Oriente','9788525432100','Mistério envolvendo um assassinato em um luxuoso trem europeu.',29.90,TRUE,9);
INSERT INTO book (title, isbn, summary, price, available, author_id) VALUES ('E Não Sobrou Nenhum','9788525432101','Suspense policial considerado um dos maiores clássicos do gênero.',31.90,TRUE,9);
INSERT INTO book (title, isbn, summary, price, available, author_id) VALUES ('O Velho e o Mar','9788520925693','História emocionante sobre perseverança e superação.',24.90,TRUE,10);
INSERT INTO book (title, isbn, summary, price, available, author_id) VALUES ('Por Quem os Sinos Dobram','9788520925694','Romance ambientado durante a Guerra Civil Espanhola.',38.90,TRUE,10);
INSERT INTO book (title, isbn, summary, price, available, author_id) VALUES ('Os Miseráveis','9788577990016','Clássico francês sobre justiça, redenção e desigualdade social.',65.00,TRUE,11);
INSERT INTO book (title, isbn, summary, price, available, author_id) VALUES ('Notre-Dame de Paris','9788577990017','Romance histórico ambientado na famosa catedral parisiense.',55.00,TRUE,11);
INSERT INTO book (title, isbn, summary, price, available, author_id) VALUES ('O Alquimista','9788599296363','Best-seller sobre sonhos, destino e realização pessoal.',34.90,TRUE,12);
INSERT INTO book (title, isbn, summary, price, available, author_id) VALUES ('Brida','9788584390670','Romance que mistura espiritualidade, magia e autoconhecimento.',29.90,TRUE,12);
INSERT INTO book (title, isbn, summary, price, available, author_id) VALUES ('Crime e Castigo','9788535914846','Romance psicológico sobre culpa, moralidade e redenção.',49.90,TRUE,13);
INSERT INTO book (title, isbn, summary, price, available, author_id) VALUES ('Os Irmãos Karamazov','9788535914853','Obra filosófica sobre fé, família e conflitos morais.',59.90,TRUE,13);
INSERT INTO book (title, isbn, summary, price, available, author_id) VALUES ('A Metamorfose','9788573266269','Narrativa sobre transformação, alienação e condição humana.',29.90,TRUE,14);
INSERT INTO book (title, isbn, summary, price, available, author_id) VALUES ('O Processo','9788573266276','Romance existencial sobre burocracia e injustiça.',39.90,TRUE,14);
INSERT INTO book (title, isbn, summary, price, available, author_id) VALUES ('Ensaio sobre a Cegueira','9788535925668','Reflexão sobre a sociedade diante de uma epidemia de cegueira.',44.90,TRUE,15);
INSERT INTO book (title, isbn, summary, price, available, author_id) VALUES ('O Homem Duplicado','9788535925675','Romance sobre identidade e os dilemas da existência.',39.90,TRUE,15);
INSERT INTO book (title, isbn, summary, price, available, author_id) VALUES ('Cem Anos de Solidão','9788501012074','Obra-prima do realismo mágico centrada na família Buendía.',54.90,TRUE,16);
INSERT INTO book (title, isbn, summary, price, available, author_id) VALUES ('O Amor nos Tempos do Cólera','9788501012081','História marcante sobre amor e passagem do tempo.',49.90,TRUE,16);
INSERT INTO book (title, isbn, summary, price, available, author_id) VALUES ('Um Estudo em Vermelho','9788594318602','Primeira aparição do detetive Sherlock Holmes.',29.90,TRUE,17);
INSERT INTO book (title, isbn, summary, price, available, author_id) VALUES ('O Cão dos Baskervilles','9788594318619','Um dos mais famosos casos de Sherlock Holmes.',34.90,TRUE,17);
INSERT INTO book (title, isbn, summary, price, available, author_id) VALUES ('Viagem ao Centro da Terra','9788572326971','Aventura científica rumo às profundezas do planeta.',37.90,TRUE,18);
INSERT INTO book (title, isbn, summary, price, available, author_id) VALUES ('Vinte Mil Léguas Submarinas','9788572326988','Aventura submarina a bordo do lendário Nautilus.',42.90,TRUE,18);
INSERT INTO book (title, isbn, summary, price, available, author_id) VALUES ('O Corvo','9788520931236','Poema clássico marcado por atmosfera sombria e melancólica.',19.90,TRUE,19);
INSERT INTO book (title, isbn, summary, price, available, author_id) VALUES ('Histórias Extraordinárias','9788520931237','Coletânea de contos de mistério e terror.',36.90,TRUE,19);
INSERT INTO book (title, isbn, summary, price, available, author_id) VALUES ('As Crônicas de Nárnia','9788578270698','Série de fantasia ambientada no mágico reino de Nárnia.',69.90,TRUE,20);
INSERT INTO book (title, isbn, summary, price, available, author_id) VALUES ('O Leão, a Feiticeira e o Guarda-Roupa','9788578270704','Clássico da fantasia infantojuvenil.',34.90,TRUE,20);
INSERT INTO book (title, isbn, summary, price, available, author_id) VALUES ('A Guerra dos Mundos','9788572326995','Clássico da ficção científica sobre uma invasão alienígena.',39.90,TRUE,21);
INSERT INTO book (title, isbn, summary, price, available, author_id) VALUES ('A Máquina do Tempo','9788572327008','Aventura que explora viagens através do tempo.',29.90,TRUE,21);
INSERT INTO book (title, isbn, summary, price, available, author_id) VALUES ('Drácula','9788577992553','Romance gótico que consagrou o mito moderno dos vampiros.',45.90,TRUE,22);
INSERT INTO book (title, isbn, summary, price, available, author_id) VALUES ('A Jóia das Sete Estrelas','9788577992560','Suspense sobrenatural inspirado no antigo Egito.',34.90,TRUE,22);
INSERT INTO book (title, isbn, summary, price, available, author_id) VALUES ('Reinações de Narizinho','9788525056152','Clássico da literatura infantil brasileira.',24.90,TRUE,23);
INSERT INTO book (title, isbn, summary, price, available, author_id) VALUES ('Caçadas de Pedrinho','9788525056169','Aventura infantil no universo do Sítio do Picapau Amarelo.',22.90,TRUE,23);
INSERT INTO book (title, isbn, summary, price, available, author_id) VALUES ('Vidas Secas','9788503013567','Retrato da vida no sertão nordestino e de suas dificuldades.',29.90,TRUE,24);
INSERT INTO book (title, isbn, summary, price, available, author_id) VALUES ('São Bernardo','9788503013574','Romance sobre poder, ambição e relações humanas.',31.90,TRUE,24);
INSERT INTO book (title, isbn, summary, price, available, author_id) VALUES ('Capitães da Areia','9788535923459','História de jovens em situação de rua na cidade de Salvador.',39.90,TRUE,25);
INSERT INTO book (title, isbn, summary, price, available, author_id) VALUES ('Dona Flor e Seus Dois Maridos','9788535923466','Romance que mistura humor, amor e elementos fantásticos.',42.90,TRUE,25);
INSERT INTO book (title, isbn, summary, price, available, author_id) VALUES ('O Tempo e o Vento','9788532509991','Saga histórica sobre a formação do Rio Grande do Sul.',69.90,TRUE,26);
INSERT INTO book (title, isbn, summary, price, available, author_id) VALUES ('Incidente em Antares','9788532510003','Sátira política com elementos de realismo fantástico.',39.90,TRUE,26);
INSERT INTO book (title, isbn, summary, price, available, author_id) VALUES ('Deuses Americanos','9788551001289','Fantasia contemporânea sobre o conflito entre deuses antigos e modernos.',49.90,TRUE,27);
INSERT INTO book (title, isbn, summary, price, available, author_id) VALUES ('Coraline','9788579800245','Fantasia sombria sobre uma menina que descobre um mundo paralelo.',32.90,TRUE,27);
INSERT INTO book (title, isbn, summary, price, available, author_id) VALUES ('O Código Da Vinci','9788575421130','Suspense investigativo envolvendo símbolos e sociedades secretas.',44.90,TRUE,28);
INSERT INTO book (title, isbn, summary, price, available, author_id) VALUES ('Anjos e Demônios','9788575421147','Thriller repleto de mistérios, conspirações e ação.',42.90,TRUE,28);
INSERT INTO book (title, isbn, summary, price, available, author_id) VALUES ('Jogos Vorazes','9788579800246','Distopia sobre sobrevivência e resistência contra um regime opressor.',39.90,TRUE,29);
INSERT INTO book (title, isbn, summary, price, available, author_id) VALUES ('Em Chamas','9788579800247','Continuação da saga de Katniss em meio à crescente rebelião.',39.90,TRUE,29);
INSERT INTO book (title, isbn, summary, price, available, author_id) VALUES ('O Ladrão de Raios','9788598078359','Primeiro volume da série Percy Jackson e os Olimpianos.',34.90,TRUE,30);
INSERT INTO book (title, isbn, summary, price, available, author_id) VALUES ('O Mar de Monstros','9788598078366','Nova aventura mitológica de Percy Jackson e seus amigos.',34.90,TRUE,30);

INSERT INTO inventory_item (book_id, branch_id, quantity, unusable_quantity) VALUES (1, 2, 5, 0);
INSERT INTO inventory_item (book_id, branch_id, quantity, unusable_quantity) VALUES (2, 2, 3, 0);
INSERT INTO inventory_item (book_id, branch_id, quantity, unusable_quantity) VALUES (1, 1, 10, 0);
INSERT INTO inventory_item (book_id, branch_id, quantity, unusable_quantity) VALUES (2, 1, 10, 0);
INSERT INTO inventory_item (book_id, branch_id, quantity, unusable_quantity) VALUES (3, 1, 10, 0);
INSERT INTO inventory_item (book_id, branch_id, quantity, unusable_quantity) VALUES (4, 1, 10, 0);
INSERT INTO inventory_item (book_id, branch_id, quantity, unusable_quantity) VALUES (5, 1, 10, 0);
INSERT INTO inventory_item (book_id, branch_id, quantity, unusable_quantity) VALUES (6, 1, 10, 0);
INSERT INTO inventory_item (book_id, branch_id, quantity, unusable_quantity) VALUES (7, 1, 10, 0);
INSERT INTO inventory_item (book_id, branch_id, quantity, unusable_quantity) VALUES (8, 1, 10, 0);
INSERT INTO inventory_item (book_id, branch_id, quantity, unusable_quantity) VALUES (9, 1, 10, 0);
INSERT INTO inventory_item (book_id, branch_id, quantity, unusable_quantity) VALUES (10, 1, 10, 0);
INSERT INTO inventory_item (book_id, branch_id, quantity, unusable_quantity) VALUES (11, 1, 10, 0);
INSERT INTO inventory_item (book_id, branch_id, quantity, unusable_quantity) VALUES (12, 1, 10, 0);
INSERT INTO inventory_item (book_id, branch_id, quantity, unusable_quantity) VALUES (13, 1, 10, 0);
INSERT INTO inventory_item (book_id, branch_id, quantity, unusable_quantity) VALUES (14, 1, 10, 0);
INSERT INTO inventory_item (book_id, branch_id, quantity, unusable_quantity) VALUES (15, 1, 10, 0);
INSERT INTO inventory_item (book_id, branch_id, quantity, unusable_quantity) VALUES (16, 1, 10, 0);
INSERT INTO inventory_item (book_id, branch_id, quantity, unusable_quantity) VALUES (17, 1, 10, 0);
INSERT INTO inventory_item (book_id, branch_id, quantity, unusable_quantity) VALUES (18, 1, 10, 0);
INSERT INTO inventory_item (book_id, branch_id, quantity, unusable_quantity) VALUES (19, 1, 10, 0);
INSERT INTO inventory_item (book_id, branch_id, quantity, unusable_quantity) VALUES (20, 1, 10, 0);
INSERT INTO inventory_item (book_id, branch_id, quantity, unusable_quantity) VALUES (21, 1, 10, 0);
INSERT INTO inventory_item (book_id, branch_id, quantity, unusable_quantity) VALUES (22, 1, 10, 0);
INSERT INTO inventory_item (book_id, branch_id, quantity, unusable_quantity) VALUES (23, 1, 10, 0);
INSERT INTO inventory_item (book_id, branch_id, quantity, unusable_quantity) VALUES (24, 1, 10, 0);
INSERT INTO inventory_item (book_id, branch_id, quantity, unusable_quantity) VALUES (25, 1, 10, 0);
INSERT INTO inventory_item (book_id, branch_id, quantity, unusable_quantity) VALUES (26, 1, 10, 0);
INSERT INTO inventory_item (book_id, branch_id, quantity, unusable_quantity) VALUES (27, 1, 10, 0);
INSERT INTO inventory_item (book_id, branch_id, quantity, unusable_quantity) VALUES (28, 1, 10, 0);
INSERT INTO inventory_item (book_id, branch_id, quantity, unusable_quantity) VALUES (29, 1, 10, 0);
INSERT INTO inventory_item (book_id, branch_id, quantity, unusable_quantity) VALUES (30, 1, 10, 0);
INSERT INTO inventory_item (book_id, branch_id, quantity, unusable_quantity) VALUES (31, 1, 10, 0);
INSERT INTO inventory_item (book_id, branch_id, quantity, unusable_quantity) VALUES (32, 1, 10, 0);
INSERT INTO inventory_item (book_id, branch_id, quantity, unusable_quantity) VALUES (33, 1, 10, 0);
INSERT INTO inventory_item (book_id, branch_id, quantity, unusable_quantity) VALUES (34, 1, 10, 0);
INSERT INTO inventory_item (book_id, branch_id, quantity, unusable_quantity) VALUES (35, 1, 10, 0);
INSERT INTO inventory_item (book_id, branch_id, quantity, unusable_quantity) VALUES (36, 1, 10, 0);
INSERT INTO inventory_item (book_id, branch_id, quantity, unusable_quantity) VALUES (37, 1, 10, 0);
INSERT INTO inventory_item (book_id, branch_id, quantity, unusable_quantity) VALUES (38, 1, 10, 0);
INSERT INTO inventory_item (book_id, branch_id, quantity, unusable_quantity) VALUES (39, 1, 10, 0);
INSERT INTO inventory_item (book_id, branch_id, quantity, unusable_quantity) VALUES (40, 1, 10, 0);
INSERT INTO inventory_item (book_id, branch_id, quantity, unusable_quantity) VALUES (41, 1, 10, 0);
INSERT INTO inventory_item (book_id, branch_id, quantity, unusable_quantity) VALUES (42, 1, 10, 0);
INSERT INTO inventory_item (book_id, branch_id, quantity, unusable_quantity) VALUES (43, 1, 10, 0);
INSERT INTO inventory_item (book_id, branch_id, quantity, unusable_quantity) VALUES (44, 1, 10, 0);
INSERT INTO inventory_item (book_id, branch_id, quantity, unusable_quantity) VALUES (45, 1, 10, 0);
INSERT INTO inventory_item (book_id, branch_id, quantity, unusable_quantity) VALUES (46, 1, 10, 0);
INSERT INTO inventory_item (book_id, branch_id, quantity, unusable_quantity) VALUES (47, 1, 10, 0);
INSERT INTO inventory_item (book_id, branch_id, quantity, unusable_quantity) VALUES (48, 1, 10, 0);
INSERT INTO inventory_item (book_id, branch_id, quantity, unusable_quantity) VALUES (49, 1, 10, 0);
INSERT INTO inventory_item (book_id, branch_id, quantity, unusable_quantity) VALUES (50, 1, 10, 0);
INSERT INTO inventory_item (book_id, branch_id, quantity, unusable_quantity) VALUES (51, 1, 10, 0);
INSERT INTO inventory_item (book_id, branch_id, quantity, unusable_quantity) VALUES (52, 1, 10, 0);
INSERT INTO inventory_item (book_id, branch_id, quantity, unusable_quantity) VALUES (53, 1, 10, 0);
INSERT INTO inventory_item (book_id, branch_id, quantity, unusable_quantity) VALUES (54, 1, 10, 0);
INSERT INTO inventory_item (book_id, branch_id, quantity, unusable_quantity) VALUES (55, 1, 10, 0);
INSERT INTO inventory_item (book_id, branch_id, quantity, unusable_quantity) VALUES (56, 1, 10, 0);

INSERT INTO loan (
id, borrower_id, branch_id, loan_date, due_date, returned_date,
cost, status, created_by, returned_by) VALUES
(16, 5, 1, '2026-06-12 09:00:00', '2026-06-27 09:00:00', '2026-06-25 08:30:00', 0, 'RETURNED', 1, 2),
(17, 6, 2, '2026-06-15 14:00:00', '2026-06-30 14:00:00', NULL, 0, 'ACTIVE', 1, NULL),
(18, 7, 1, '2026-06-18 10:00:00', '2026-07-03 10:00:00', NULL, 0, 'ACTIVE', 1, NULL),
(19, 8, 2, '2026-06-20 11:00:00', '2026-07-05 11:00:00', NULL, 0, 'ACTIVE', 1, NULL),
(20, 9, 1, '2026-06-22 15:00:00', '2026-07-07 15:00:00', NULL, 0, 'ACTIVE', 1, NULL),
(21, 10, 2, '2026-06-23 13:00:00', '2026-07-08 13:00:00', NULL, 0, 'ACTIVE', 1, NULL),
(22, 11, 1, '2026-06-24 16:00:00', '2026-07-09 16:00:00', NULL, 0, 'ACTIVE', 1, NULL),
(23, 12, 2, '2026-06-25 17:00:00', '2026-07-10 17:00:00', NULL, 0, 'ACTIVE', 1, NULL),
(24, 13, 1, '2026-06-26 09:00:00', '2026-07-11 09:00:00', NULL, 0, 'ACTIVE', 1, NULL),
(25, 14, 2, '2026-06-27 10:30:00', '2026-07-12 10:30:00', NULL, 0, 'ACTIVE', 1, NULL);


INSERT INTO loan_item (id, loan_id, book_id, quantity) VALUES
(16, 16, 4, 1),
(17, 17, 5, 1),
(18, 18, 6, 1),
(19, 19, 7, 1),
(20, 20, 8, 1),
(21, 21, 9, 1),
(22, 22, 10, 1),
(23, 23, 11, 1),
(24, 24, 12, 1),
(25, 25, 13, 1);

INSERT INTO loan_item (id, loan_id, book_id, quantity) VALUES
(26, 20, 14, 1),
(27, 21, 15, 1),
(28, 22, 16, 1),
(29, 23, 17, 1),
(30, 24, 18, 1);

INSERT INTO audit_entry (id, action, description, performed_by, performed_at) VALUES
(16, 'CREATE_LOAN', 'Empréstimo criado ID 16', 1, '2026-06-12 09:00:00'),
(17, 'RETURN_LOAN', 'Devolução do empréstimo ID 16', 2, '2026-06-25 08:30:00'),
(18, 'CREATE_LOAN', 'Empréstimo criado ID 17', 1, '2026-06-15 14:00:00'),
(19, 'CREATE_LOAN', 'Empréstimo criado ID 18', 1, '2026-06-18 10:00:00'),
(20, 'CREATE_LOAN', 'Empréstimo criado ID 19', 1, '2026-06-20 11:00:00'),
(21, 'CREATE_LOAN', 'Empréstimo criado ID 20', 1, '2026-06-22 15:00:00'),
(22, 'CREATE_LOAN', 'Empréstimo criado ID 21', 1, '2026-06-23 13:00:00'),
(23, 'CREATE_LOAN', 'Empréstimo criado ID 22', 1, '2026-06-24 16:00:00'),
(24, 'CREATE_LOAN', 'Empréstimo criado ID 23', 1, '2026-06-25 17:00:00'),
(25, 'CREATE_LOAN', 'Empréstimo criado ID 24', 1, '2026-06-26 09:00:00'),
(26, 'CREATE_LOAN', 'Empréstimo criado ID 25', 1, '2026-06-27 10:30:00');